<?xml version="1.0" encoding="UTF-8" ?>
<!DOCTYPE mapper
	PUBLIC "-//mybatis.org//DTD Mapper 3.0//EN"
	"http://mybatis.org/dtd/mybatis-3-mapper.dtd">

<mapper namespace="FreeBoardMapper">

	<select id="searchListCount" parameterType="kr.co.ictedu.util.dto.SearchDTO" resultType="int">
		select count(board_no) cnt from freeboard
		<if test="searchOption != null and searchOption != ''
					and searchWord != null and searchWord != ''">
			<choose>
				<when test="searchOption == 'title'">
					where title like concat('%', #{searchWord}, '%')
				</when>
				<when test="searchOption == 'writer'">
					where writer like concat('%', #{searchWord}, '%')
				</when>
			</choose>
		</if>
	</select>


</mapper>
